scheme_slug,current_official_name,current_portal_status,official_verification_source,verification_note
aicte-ssss,AICTE - Swanath Scholarship Scheme (Technical Degree),current NSP listing; fresh student application open to 31-10-2026,https://scholarships.gov.in/public/schemeGuidelines/AICTE/AICTE_3039_G.pdf,Current official NSP entry + official AICTE guideline; full OR pathway not representable by frozen all_of/none_of schema
csss-cus,PM-USP – Central Sector Scheme Of Scholarship For College And University Students (CSSS),renewal application open; fresh student application closed 30-09-2026; renewal deadline 31-10-2026,https://scholarships.gov.in/public/schemeGuidelines/CSSS_GUIDLINES_07022024_updated.pdf,Current NSP name/status reconciled; fresh vs renewal distinction matters
nmmss,National Means Cum Merit Scholarship (NMMSS),current NSP listing; student application open to 31-10-2026,https://scholarships.gov.in/public/schemeGuidelines/NMMSSGuidelines.pdf,Current NSP listing plus official revised guideline
pm-yasasvipmsobcebcdnts,"PM YASASVI Central Sector Scheme Of Top Class Education In College For OBC, EBC And DNT Students",current NSP listing; student application open to 31-10-2026,https://scholarships.gov.in/public/schemeGuidelines/ApprovedmodifieddraftofTopClassCollege.pdf,Dataset title is legacy/mismatched; current official college scheme name used in rule file
pmsfss,Post Matric Scholarship for SC students (PMS-SC),official Department scheme exists; current AY 2026-27 NSP timeline for exact entry not established in this audit,https://www.socialjustice.gov.in/writereaddata/UploadFile/PMS_for_SCs_Scheme_Guidelines.pdf,Official Department source found; current NSP timeline needs a final manual check
post-dis,Post Matric Scholarship For Students With Disabilities,current NSP listing; student application open to 31-10-2026,https://scholarships.gov.in/public/schemeGuidelines/DEPDGuidelines_1.pdf,2024 revised DEPwD guidelines + current NSP listing
postsm,Post Matric Scholarship Scheme for Minorities,official Ministry scheme source found; current AY 2026-27 NSP timeline for exact entry not established in this audit,https://minorityaffairs.gov.in/WriteReadData/RTF1984/1672032313.pdf,Official Ministry scheme guideline; keep verified=false pending current-year operational confirmation
presm,Pre Matric Scholarship Scheme for Minorities,official Ministry source confirms scheme and IX-X restriction from 2022-23; current AY 2026-27 NSP timeline for exact entry not established in this audit,https://www.minorityaffairs.gov.in/WriteReadData/RTF1984/1671796205.pdf,Official Ministry source; keep verified=false pending current-year operational confirmation
psgs-deg,AICTE - Pragati Scholarship Scheme For Girl Students (Technical Degree),current NSP listing; student application open to 31-10-2026,https://scholarships.gov.in/public/schemeGuidelines/AICTE/AICTE_2010_G.pdf,Current NSP listing + official AICTE guideline; first-year/lateral-entry condition is not fully representable by current profile fields
sak-deg,AICTE - Saksham Scholarship Scheme For Specially Abled Student (Technical Degree),current NSP listing; student application open to 31-10-2026,https://scholarships.gov.in/public/schemeGuidelines/AICTE/AICTE_2012_G.pdf,Current NSP listing + official AICTE guideline; first-year/lateral-entry condition is not fully representable by current profile fields
